Timestamp,FPS,Processing_Latency_ms,Landmark_Status,Prediction_Confidence,Predicted_Gesture_ID,CPU_Usage_%,Memory_Usage_MB
2025-12-08 08:46:28.235208,0.00,0.00,Not Detected,0.0000,N/A,0.0,4096.6
2025-12-08 08:46:29.246406,0.00,0.00,Not Detected,0.0000,N/A,27.6,4036.2
2025-12-08 08:46:30.247814,0.00,0.00,Not Detected,0.0000,N/A,32.2,4005.0
2025-12-08 08:46:31.255338,0.00,0.00,Not Detected,0.0000,N/A,25.3,4007.8
2025-12-08 08:46:32.265495,0.00,0.00,Not Detected,0.0000,N/A,25.4,3928.6
2025-12-08 08:46:33.270922,0.00,0.00,Not Detected,0.0000,N/A,31.1,3938.9
2025-12-08 08:46:34.276826,0.00,0.00,Not Detected,0.0000,N/A,50.8,3842.9
2025-12-08 08:46:35.293045,0.00,0.00,Not Detected,0.0000,N/A,37.3,3850.0
2025-12-08 08:46:36.310825,0.00,0.00,Not Detected,0.0000,N/A,47.2,3852.4
2025-12-08 08:46:37.323748,0.00,0.00,Not Detected,0.0000,N/A,46.7,3852.8
2025-12-08 08:46:38.329243,0.00,0.00,Not Detected,0.0000,N/A,33.5,3848.7
2025-12-08 08:46:39.334921,0.00,0.00,Not Detected,0.0000,N/A,30.7,3919.3
2025-12-08 08:46:40.339893,0.00,0.00,Not Detected,0.0000,N/A,25.4,3896.0
2025-12-08 08:46:41.344841,0.00,0.00,Not Detected,0.0000,N/A,24.3,3902.0
2025-12-08 08:46:42.352493,0.00,0.00,Not Detected,0.0000,N/A,22.7,3893.7
2025-12-08 08:46:43.359315,0.00,0.00,Not Detected,0.0000,N/A,23.5,3892.4
2025-12-08 08:46:44.361680,0.00,0.00,Not Detected,0.0000,N/A,35.3,3917.4
2025-12-08 08:46:45.374802,0.00,0.00,Not Detected,0.0000,N/A,25.1,3962.8
2025-12-08 08:46:46.376397,0.00,0.00,Not Detected,0.0000,N/A,22.5,3935.8
2025-12-08 08:46:47.390876,0.00,0.00,Not Detected,0.0000,N/A,20.7,3928.6
2025-12-08 08:46:48.400308,0.00,0.00,Not Detected,0.0000,N/A,21.3,3924.7
2025-12-08 08:46:49.412380,0.00,0.00,Not Detected,0.0000,N/A,20.6,3923.5
2025-12-08 08:46:50.413910,0.00,0.00,Not Detected,0.0000,N/A,20.3,3922.3
2025-12-08 08:46:51.418701,0.00,0.00,Not Detected,0.0000,N/A,22.3,3917.0
2025-12-08 08:46:52.425291,0.00,0.00,Not Detected,0.0000,N/A,20.8,3902.9
2025-12-08 08:46:53.429046,0.00,0.00,Not Detected,0.0000,N/A,22.8,3960.8
2025-12-08 08:46:54.431950,0.00,0.00,Not Detected,0.0000,N/A,20.5,3960.6
2025-12-08 08:46:55.433092,0.00,0.00,Not Detected,0.0000,N/A,19.4,3945.6
2025-12-08 08:46:56.437116,0.00,0.00,Not Detected,0.0000,N/A,22.6,3937.2
2025-12-08 08:46:57.442168,0.00,0.00,Not Detected,0.0000,N/A,20.2,3915.5
2025-12-08 08:46:58.457614,0.00,0.00,Not Detected,0.0000,N/A,25.6,3915.3
2025-12-08 08:46:59.464523,0.00,0.00,Not Detected,0.0000,N/A,19.2,3915.2
2025-12-08 08:47:00.475054,0.00,0.00,Not Detected,0.0000,N/A,20.1,3936.4
2025-12-08 08:47:01.477402,0.00,0.00,Not Detected,0.0000,N/A,19.4,3939.0
2025-12-08 08:47:02.483507,0.00,0.00,Not Detected,0.0000,N/A,22.2,3928.3
2025-12-08 08:47:03.491404,0.00,0.00,Not Detected,0.0000,N/A,19.6,3903.7
2025-12-08 08:47:04.496326,0.00,0.00,Not Detected,0.0000,N/A,18.8,3904.1
2025-12-08 08:47:05.498421,0.00,0.00,Not Detected,0.0000,N/A,23.2,3905.7
2025-12-08 08:47:06.516655,0.00,0.00,Not Detected,0.0000,N/A,24.3,3908.8
2025-12-08 08:47:07.520999,0.00,0.00,Not Detected,0.0000,N/A,20.5,3912.7
2025-12-08 08:47:08.529266,0.00,0.00,Not Detected,0.0000,N/A,19.0,3914.6
2025-12-08 08:47:09.535692,0.00,0.00,Not Detected,0.0000,N/A,18.8,3914.6
2025-12-08 08:47:10.541865,0.00,0.00,Not Detected,0.0000,N/A,18.8,3914.7
2025-12-08 08:47:11.549258,0.00,0.00,Not Detected,0.0000,N/A,23.0,3916.5
2025-12-08 08:47:12.559938,0.00,0.00,Not Detected,0.0000,N/A,25.7,3918.6
2025-12-08 08:47:13.575163,0.00,0.00,Not Detected,0.0000,N/A,31.6,3943.1
2025-12-08 08:47:14.588811,0.00,0.00,Not Detected,0.0000,N/A,42.2,3814.6
2025-12-08 08:47:15.591390,0.00,0.00,Not Detected,0.0000,N/A,19.9,3822.9
2025-12-08 08:47:16.592005,0.00,0.00,Not Detected,0.0000,N/A,16.6,3800.7
2025-12-08 08:47:17.599356,0.00,0.00,Not Detected,0.0000,N/A,16.0,3801.5
2025-12-08 08:47:18.608555,0.00,0.00,Not Detected,0.0000,N/A,14.6,3814.4
2025-12-08 08:47:19.610463,0.00,0.00,Not Detected,0.0000,N/A,13.7,3816.3
2025-12-08 08:47:20.618932,0.00,0.00,Not Detected,0.0000,N/A,13.5,3815.8
2025-12-08 08:47:21.631183,0.00,0.00,Not Detected,0.0000,N/A,13.4,3812.0
2025-12-08 08:47:22.631370,0.00,0.00,Not Detected,0.0000,N/A,13.5,3812.3
2025-12-08 08:47:23.638161,0.00,0.00,Not Detected,0.0000,N/A,12.9,3811.5
2025-12-08 08:47:24.637846,0.00,0.00,Not Detected,0.0000,N/A,12.2,3811.0
2025-12-08 08:47:25.648958,0.00,0.00,Not Detected,0.0000,N/A,12.6,3813.7
2025-12-08 08:47:26.661935,0.00,0.00,Not Detected,0.0000,N/A,12.7,3813.6
2025-12-08 08:47:27.663414,0.00,0.00,Not Detected,0.0000,N/A,11.1,3812.7
2025-12-08 08:47:28.674428,0.00,0.00,Not Detected,0.0000,N/A,10.9,3812.6
2025-12-08 08:47:29.681251,0.00,0.00,Not Detected,0.0000,N/A,10.4,3814.8
2025-12-08 08:47:30.687164,0.00,0.00,Not Detected,0.0000,N/A,11.0,3814.9
2025-12-08 08:47:31.691701,0.00,0.00,Not Detected,0.0000,N/A,11.2,3814.5
2025-12-08 08:47:32.700744,0.00,0.00,Not Detected,0.0000,N/A,11.0,3808.2
2025-12-08 08:47:33.704526,0.00,0.00,Not Detected,0.0000,N/A,11.4,3808.8
2025-12-08 08:47:34.715010,0.00,0.00,Not Detected,0.0000,N/A,11.0,3806.2
2025-12-08 08:47:35.720678,0.00,0.00,Not Detected,0.0000,N/A,11.1,3804.4
2025-12-08 08:47:36.725864,0.00,0.00,Not Detected,0.0000,N/A,12.5,3804.9
2025-12-08 08:47:37.732994,0.00,0.00,Not Detected,0.0000,N/A,10.7,3804.5
2025-12-08 08:47:38.735623,0.00,0.00,Not Detected,0.0000,N/A,11.0,3804.1
2025-12-08 08:47:39.742835,0.00,0.00,Not Detected,0.0000,N/A,13.3,3813.0
2025-12-08 08:47:40.755844,0.00,0.00,Not Detected,0.0000,N/A,13.9,3828.0
2025-12-08 08:47:41.755945,0.00,0.00,Not Detected,0.0000,N/A,10.8,3827.2
2025-12-08 08:47:42.763982,0.00,0.00,Not Detected,0.0000,N/A,10.7,3827.4
2025-12-08 08:47:43.764906,0.00,0.00,Not Detected,0.0000,N/A,11.3,3825.0
2025-12-08 08:47:44.776597,0.00,0.00,Not Detected,0.0000,N/A,11.8,3825.3
2025-12-08 08:47:45.778327,0.00,0.00,Not Detected,0.0000,N/A,10.5,3825.3
2025-12-08 08:47:46.781392,0.00,0.00,Not Detected,0.0000,N/A,10.9,3825.8
2025-12-08 08:47:47.784767,0.00,0.00,Not Detected,0.0000,N/A,10.5,3825.9
2025-12-08 08:47:48.790720,0.00,0.00,Not Detected,0.0000,N/A,11.2,3824.1
2025-12-08 08:47:49.790995,0.00,0.00,Not Detected,0.0000,N/A,10.9,3821.5
2025-12-08 08:47:50.792495,0.00,0.00,Not Detected,0.0000,N/A,10.6,3821.7
2025-12-08 08:47:51.798246,0.00,0.00,Not Detected,0.0000,N/A,10.5,3821.5
2025-12-08 08:47:52.805336,0.00,0.00,Not Detected,0.0000,N/A,10.5,3822.1
2025-12-08 08:47:53.805294,0.00,0.00,Not Detected,0.0000,N/A,11.4,3822.5
2025-12-08 08:47:54.812715,0.00,0.00,Not Detected,0.0000,N/A,10.8,3822.1
2025-12-08 08:47:55.820625,0.00,0.00,Not Detected,0.0000,N/A,11.6,3821.7
2025-12-08 08:47:56.826918,0.00,0.00,Not Detected,0.0000,N/A,11.2,3826.2
2025-12-08 08:47:57.830237,0.00,0.00,Not Detected,0.0000,N/A,10.8,3819.7
2025-12-08 08:47:58.835742,0.00,0.00,Not Detected,0.0000,N/A,10.6,3818.6
2025-12-08 08:47:59.838499,0.00,0.00,Not Detected,0.0000,N/A,11.0,3820.4
2025-12-08 08:48:00.846351,0.00,0.00,Not Detected,0.0000,N/A,11.2,3843.7
2025-12-08 08:48:01.847675,0.00,0.00,Not Detected,0.0000,N/A,14.5,3845.8
2025-12-08 08:48:02.851247,0.00,0.00,Not Detected,0.0000,N/A,12.7,3844.5
2025-12-08 08:48:03.863780,0.00,0.00,Not Detected,0.0000,N/A,11.6,3823.6
2025-12-08 08:48:04.870520,0.00,0.00,Not Detected,0.0000,N/A,10.3,3823.2
2025-12-08 08:48:05.880936,0.00,0.00,Not Detected,0.0000,N/A,10.6,3823.5
2025-12-08 08:48:06.885534,0.00,0.00,Not Detected,0.0000,N/A,11.1,3823.1
2025-12-08 08:48:07.890207,0.00,0.00,Not Detected,0.0000,N/A,11.3,3823.6
2025-12-08 08:48:08.898410,0.00,0.00,Not Detected,0.0000,N/A,10.6,3823.1
2025-12-08 08:48:09.905144,0.00,0.00,Not Detected,0.0000,N/A,10.8,3823.5
2025-12-08 08:48:10.913209,0.00,0.00,Not Detected,0.0000,N/A,10.8,3825.7
2025-12-08 08:48:11.914987,0.00,0.00,Not Detected,0.0000,N/A,10.9,3825.5
2025-12-08 08:48:12.922481,0.00,0.00,Not Detected,0.0000,N/A,10.7,3826.3
2025-12-08 08:48:13.932591,0.00,0.00,Not Detected,0.0000,N/A,11.6,3822.9
2025-12-08 08:48:14.938226,0.00,0.00,Not Detected,0.0000,N/A,10.5,3823.3
2025-12-08 08:48:15.948914,0.00,0.00,Not Detected,0.0000,N/A,11.3,3820.0
2025-12-08 08:48:16.958654,0.00,0.00,Not Detected,0.0000,N/A,11.3,3820.2
2025-12-08 08:48:17.966523,0.00,0.00,Not Detected,0.0000,N/A,10.9,3823.9
2025-12-08 08:48:18.969719,0.00,0.00,Not Detected,0.0000,N/A,10.7,3820.0
2025-12-08 08:48:19.974151,0.00,0.00,Not Detected,0.0000,N/A,11.2,3820.0
2025-12-08 08:48:20.978816,0.00,0.00,Not Detected,0.0000,N/A,11.1,3820.6
2025-12-08 08:48:21.981939,0.00,0.00,Not Detected,0.0000,N/A,11.0,3819.1
2025-12-08 08:48:22.983365,0.00,0.00,Not Detected,0.0000,N/A,10.8,3819.6
2025-12-08 08:48:23.992666,0.00,0.00,Not Detected,0.0000,N/A,11.7,3819.4
2025-12-08 08:48:25.000818,0.00,0.00,Not Detected,0.0000,N/A,10.8,3823.3
2025-12-08 08:48:26.012775,0.00,0.00,Not Detected,0.0000,N/A,11.6,3823.5
2025-12-08 08:48:27.021665,0.00,0.00,Not Detected,0.0000,N/A,11.5,3822.8
2025-12-08 08:48:28.022564,0.00,0.00,Not Detected,0.0000,N/A,10.4,3822.9
2025-12-08 08:48:29.029626,0.00,0.00,Not Detected,0.0000,N/A,13.0,3823.1
2025-12-08 08:48:30.031421,0.00,0.00,Not Detected,0.0000,N/A,13.2,3823.3
2025-12-08 08:48:31.036081,0.00,0.00,Not Detected,0.0000,N/A,18.1,3825.5
2025-12-08 08:48:32.047847,0.00,0.00,Not Detected,0.0000,N/A,18.9,3825.5
2025-12-08 08:48:33.058329,0.00,0.00,Not Detected,0.0000,N/A,18.6,3825.9
2025-12-08 08:48:34.075921,0.00,0.00,Not Detected,0.0000,N/A,19.2,3827.2
2025-12-08 08:48:35.080457,0.00,0.00,Not Detected,0.0000,N/A,19.0,3829.0
2025-12-08 08:48:36.083625,0.00,0.00,Not Detected,0.0000,N/A,18.9,3830.4
2025-12-08 08:48:37.085385,0.00,0.00,Not Detected,0.0000,N/A,18.6,3828.6
2025-12-08 08:48:38.086602,0.00,0.00,Not Detected,0.0000,N/A,18.7,3830.3
2025-12-08 08:48:39.091594,0.00,0.00,Not Detected,0.0000,N/A,18.7,3830.8
2025-12-08 08:48:40.097873,0.00,0.00,Not Detected,0.0000,N/A,18.6,3830.9
2025-12-08 08:48:41.105209,0.00,0.00,Not Detected,0.0000,N/A,19.0,3829.5
2025-12-08 08:48:42.111711,0.00,0.00,Not Detected,0.0000,N/A,18.7,3831.2
2025-12-08 08:48:43.118690,0.00,0.00,Not Detected,0.0000,N/A,18.6,3831.3
2025-12-08 08:48:44.122680,0.00,0.00,Not Detected,0.0000,N/A,21.5,3830.3
2025-12-08 08:48:45.128509,0.00,0.00,Not Detected,0.0000,N/A,21.0,3868.3
2025-12-08 08:48:46.139519,0.00,38.29,Not Detected,0.0000,N/A,18.1,3880.4
2025-12-08 08:48:47.151923,7.81,39.30,Not Detected,0.0000,N/A,23.3,3878.0
2025-12-08 08:48:48.162719,8.12,34.96,Not Detected,0.0000,N/A,14.8,3880.4
2025-12-08 08:48:49.165170,7.87,38.64,Not Detected,0.0000,N/A,16.0,3881.6
2025-12-08 08:48:50.165274,7.87,229.46,Detected (21 landmarks),0.9986,2,14.6,3901.6
2025-12-08 08:48:51.177817,6.97,38.80,Not Detected,0.0000,N/A,14.0,3901.6
2025-12-08 08:48:52.184800,7.61,38.83,Not Detected,0.0000,N/A,15.3,3902.2
2025-12-08 08:48:53.187152,8.12,68.80,Not Detected,0.0000,N/A,14.1,3902.0
2025-12-08 08:48:54.188006,7.87,39.56,Not Detected,0.0000,N/A,17.7,3903.0
2025-12-08 08:48:55.195361,7.87,40.87,Not Detected,0.0000,N/A,15.8,3903.1
2025-12-08 08:48:56.198146,8.12,39.28,Not Detected,0.0000,N/A,21.1,3902.6
2025-12-08 08:48:57.205765,7.87,38.54,Not Detected,0.0000,N/A,15.8,3901.6
2025-12-08 08:48:58.214999,8.12,54.90,Detected (21 landmarks),0.9964,2,15.3,3902.2
2025-12-08 08:48:59.218063,7.46,51.79,Not Detected,0.0000,N/A,14.6,3902.6
2025-12-08 08:49:00.229383,7.46,25.41,Not Detected,0.0000,N/A,15.7,3909.9
2025-12-08 08:49:01.241877,8.06,37.96,Not Detected,0.0000,N/A,15.0,3907.4
2025-12-08 08:49:02.244369,7.87,36.89,Not Detected,0.0000,N/A,15.4,3905.9
2025-12-08 08:49:03.255588,7.92,35.08,Not Detected,0.0000,N/A,14.9,3909.8
2025-12-08 08:49:04.262785,7.87,37.08,Not Detected,0.0000,N/A,16.2,3906.2
2025-12-08 08:49:05.269231,7.87,39.24,Not Detected,0.0000,N/A,16.3,3907.3
2025-12-08 08:49:06.273052,8.07,48.53,Not Detected,0.0000,N/A,16.5,3907.2
2025-12-08 08:49:07.274140,7.92,38.65,Not Detected,0.0000,N/A,13.9,3907.2
2025-12-08 08:49:08.282842,8.13,40.31,Not Detected,0.0000,N/A,14.2,3906.9
2025-12-08 08:49:09.287534,7.88,38.43,Not Detected,0.0000,N/A,13.6,3909.9
2025-12-08 08:49:10.295659,7.88,37.29,Not Detected,0.0000,N/A,16.0,3910.2
2025-12-08 08:49:11.307031,7.54,58.23,Detected (21 landmarks),0.3974,2,14.0,3910.6
2025-12-08 08:49:12.319028,7.70,38.99,Not Detected,0.0000,N/A,14.0,3910.6
2025-12-08 08:49:13.327523,7.81,38.19,Not Detected,0.0000,N/A,14.6,3911.6
2025-12-08 08:49:14.340360,7.81,55.93,Detected (21 landmarks),0.0000,N/A,13.8,3912.8
2025-12-08 08:49:15.342151,7.94,58.19,Detected (21 landmarks),1.0000,0,19.8,3917.8
2025-12-08 08:49:16.346015,8.13,0.00,Detected (21 landmarks),1.0000,0,14.7,3913.2
2025-12-08 08:49:17.347508,9.39,60.46,Detected (21 landmarks),1.0000,0,15.3,3912.2
2025-12-08 08:49:18.356821,8.14,58.21,Detected (21 landmarks),0.0000,N/A,20.7,3908.9
2025-12-08 08:49:19.362534,9.02,58.54,Detected (21 landmarks),1.0000,0,13.8,3912.2
2025-12-08 08:49:20.365356,8.41,58.30,Detected (21 landmarks),1.0000,0,14.7,3908.8
2025-12-08 08:49:21.376108,8.41,56.01,Detected (21 landmarks),1.0000,0,14.0,3912.2
2025-12-08 08:49:22.378182,8.12,56.43,Detected (21 landmarks),1.0000,0,14.4,3911.5
2025-12-08 08:49:23.390208,9.41,58.33,Detected (21 landmarks),1.0000,0,15.0,3906.5
2025-12-08 08:49:24.395715,8.12,0.00,Detected (21 landmarks),1.0000,0,13.5,3909.1
2025-12-08 08:49:25.405059,9.04,58.71,Detected (21 landmarks),0.0000,N/A,15.5,3906.4
2025-12-08 08:49:26.410391,8.13,59.45,Detected (21 landmarks),1.0000,0,14.1,3906.1
2025-12-08 08:49:27.420704,9.75,59.59,Detected (21 landmarks),0.0000,N/A,14.1,3913.5
2025-12-08 08:49:28.423256,8.14,57.71,Detected (21 landmarks),1.0000,0,15.3,3910.5
2025-12-08 08:49:29.431401,8.14,57.83,Detected (21 landmarks),0.0000,N/A,13.1,3909.6
2025-12-08 08:49:30.434851,7.88,57.87,Detected (21 landmarks),0.8836,1,18.7,3911.5
2025-12-08 08:49:31.435451,8.12,59.38,Detected (21 landmarks),0.9940,1,14.2,3909.8
2025-12-08 08:49:32.445803,9.37,54.92,Detected (21 landmarks),0.9927,1,14.3,3916.1
2025-12-08 08:49:33.455778,8.14,56.90,Detected (21 landmarks),0.0000,N/A,15.2,3912.1
2025-12-08 08:49:34.456108,8.40,0.00,Detected (21 landmarks),0.9935,1,13.8,3916.6
2025-12-08 08:49:35.461044,9.05,62.58,Detected (21 landmarks),0.9953,1,14.4,3913.1
2025-12-08 08:49:36.461154,9.05,58.98,Detected (21 landmarks),0.9842,1,14.5,3913.8
2025-12-08 08:49:37.472956,7.86,61.28,Detected (21 landmarks),0.9880,1,13.9,3915.7
2025-12-08 08:49:38.483300,10.15,56.70,Detected (21 landmarks),0.0000,N/A,14.9,3913.7
2025-12-08 08:49:39.492148,8.12,55.64,Detected (21 landmarks),0.9894,1,13.5,3915.1
2025-12-08 08:49:40.496856,9.38,57.91,Detected (21 landmarks),0.9947,1,14.5,3917.1
2025-12-08 08:49:41.502850,8.14,60.53,Detected (21 landmarks),0.9857,1,13.9,3910.8
2025-12-08 08:49:42.506673,8.72,0.00,Detected (21 landmarks),0.9737,1,13.6,3912.9
2025-12-08 08:49:43.513456,9.03,60.15,Detected (21 landmarks),0.9855,1,15.8,3910.5
2025-12-08 08:49:44.518500,9.03,57.87,Detected (21 landmarks),0.9889,1,13.4,3910.2
2025-12-08 08:49:45.520366,7.62,56.99,Detected (21 landmarks),0.9913,1,14.2,3914.3
2025-12-08 08:49:46.525506,10.16,59.07,Detected (21 landmarks),0.9930,1,14.4,3910.5
2025-12-08 08:49:47.526166,7.87,0.00,Detected (21 landmarks),0.9918,1,13.6,3912.2
2025-12-08 08:49:48.532382,10.17,59.84,Detected (21 landmarks),0.9934,1,14.8,3914.3
2025-12-08 08:49:49.532469,8.13,58.77,Detected (21 landmarks),0.9966,1,13.4,3911.3
2025-12-08 08:49:50.544747,8.13,62.27,Detected (21 landmarks),0.9963,1,11.8,3912.5
2025-12-08 08:49:51.552283,8.13,62.27,Detected (21 landmarks),0.9963,1,11.8,3910.9
2025-12-08 08:49:52.562185,8.13,62.27,Detected (21 landmarks),0.9963,1,9.6,3911.8
2025-12-08 08:49:53.563212,8.13,62.27,Detected (21 landmarks),0.9963,1,10.8,3950.9
2025-12-08 08:49:54.573069,8.13,62.27,Detected (21 landmarks),0.9963,1,18.8,3918.6
2025-12-08 08:49:55.574523,8.13,62.27,Detected (21 landmarks),0.9963,1,13.9,3914.4
2025-12-08 08:49:56.582486,29.41,62.27,Detected (21 landmarks),0.9963,1,13.6,3907.7
2025-12-08 08:49:57.585619,29.41,62.27,Detected (21 landmarks),0.9963,1,21.5,3894.8
2025-12-08 08:49:58.591777,29.41,62.27,Detected (21 landmarks),0.9963,1,21.6,3870.0
2025-12-08 08:49:59.592977,29.41,39.09,Not Detected,0.0000,N/A,18.5,3863.9
2025-12-08 08:50:00.602527,2.84,26.46,Not Detected,0.0000,N/A,31.5,3892.3
2025-12-08 08:50:01.608420,8.12,37.50,Not Detected,0.0000,N/A,19.1,3882.2
2025-12-08 08:50:02.614691,8.14,38.45,Not Detected,0.0000,N/A,13.5,3879.7
2025-12-08 08:50:03.625096,7.71,61.18,Detected (21 landmarks),0.0000,N/A,14.7,3839.8
2025-12-08 08:50:04.631138,7.71,55.85,Detected (21 landmarks),0.9997,3,14.1,3836.9
2025-12-08 08:50:05.642926,8.05,57.92,Detected (21 landmarks),1.0000,3,14.4,3829.9
2025-12-08 08:50:06.650753,7.94,60.34,Detected (21 landmarks),1.0000,3,14.3,3833.5
2025-12-08 08:50:07.658703,8.12,0.00,Detected (21 landmarks),1.0000,3,14.7,3842.9
2025-12-08 08:50:08.664006,9.39,58.57,Detected (21 landmarks),0.0000,N/A,14.9,3841.6
2025-12-08 08:50:09.671007,8.13,58.91,Detected (21 landmarks),1.0000,3,14.1,3837.6
2025-12-08 08:50:10.680161,9.72,0.00,Detected (21 landmarks),0.0000,N/A,13.7,3841.4
2025-12-08 08:50:11.681105,9.72,57.70,Detected (21 landmarks),1.0000,3,14.9,3835.7
2025-12-08 08:50:12.687831,8.14,102.49,Detected (21 landmarks),1.0000,3,13.2,3838.9
2025-12-08 08:50:13.696787,8.12,58.88,Detected (21 landmarks),1.0000,3,14.9,3838.1
2025-12-08 08:50:14.703200,8.73,59.96,Detected (21 landmarks),1.0000,3,14.7,3839.8
2025-12-08 08:50:15.713833,8.13,0.00,Detected (21 landmarks),1.0000,3,14.2,3842.7
2025-12-08 08:50:16.718010,9.76,59.73,Detected (21 landmarks),1.0000,3,15.0,3839.5
2025-12-08 08:50:17.726232,9.76,106.25,Detected (21 landmarks),1.0000,3,13.3,3836.5
2025-12-08 08:50:18.731105,7.61,61.25,Detected (21 landmarks),1.0000,3,14.6,3841.6
2025-12-08 08:50:19.736802,10.19,57.74,Detected (21 landmarks),1.0000,3,14.2,3839.5
2025-12-08 08:50:20.741592,8.13,0.00,Detected (21 landmarks),1.0000,3,14.0,3844.6
2025-12-08 08:50:21.742870,9.36,55.36,Detected (21 landmarks),1.0000,3,15.8,3843.1
2025-12-08 08:50:22.747382,8.40,58.76,Detected (21 landmarks),0.9688,2,14.3,3840.0
2025-12-08 08:50:23.756706,7.87,61.03,Detected (21 landmarks),0.9841,2,14.7,3838.6
2025-12-08 08:50:24.759580,7.87,59.13,Detected (21 landmarks),0.7103,2,14.3,3839.0
2025-12-08 08:50:25.760252,8.13,59.61,Detected (21 landmarks),0.0000,N/A,13.7,3838.5
2025-12-08 08:50:26.761570,7.63,59.25,Detected (21 landmarks),0.7988,0,13.9,3839.0
2025-12-08 08:50:27.766641,8.12,56.16,Detected (21 landmarks),0.7633,3,14.0,3838.4
2025-12-08 08:50:28.768446,7.88,58.78,Detected (21 landmarks),0.4445,3,14.4,3838.2
2025-12-08 08:50:29.779760,7.88,58.94,Detected (21 landmarks),0.8429,2,13.9,3838.9
2025-12-08 08:50:30.788400,8.12,56.87,Detected (21 landmarks),0.6115,3,13.7,3839.3
2025-12-08 08:50:31.797624,7.62,38.06,Not Detected,0.0000,N/A,13.4,3837.7
2025-12-08 08:50:32.798566,8.14,58.86,Detected (21 landmarks),0.5376,1,14.1,3838.9
2025-12-08 08:50:33.809204,7.87,36.98,Not Detected,0.0000,N/A,13.7,3838.4
2025-12-08 08:50:34.814883,7.87,39.75,Not Detected,0.0000,N/A,13.4,3838.7
2025-12-08 08:50:35.823017,8.13,40.96,Not Detected,0.0000,N/A,13.3,3838.8
2025-12-08 08:50:36.829402,7.87,38.19,Not Detected,0.0000,N/A,13.4,3841.0
2025-12-08 08:50:37.833981,8.13,38.92,Not Detected,0.0000,N/A,13.4,3839.4
2025-12-08 08:50:38.846625,7.87,37.62,Not Detected,0.0000,N/A,13.7,3839.3
2025-12-08 08:50:39.853568,7.87,37.88,Not Detected,0.0000,N/A,13.9,3839.5
2025-12-08 08:50:40.858066,8.12,60.55,Detected (21 landmarks),0.8654,1,13.6,3838.6
2025-12-08 08:50:41.870462,7.62,60.82,Detected (21 landmarks),0.8490,1,16.6,3836.3
2025-12-08 08:50:42.875139,8.71,58.13,Detected (21 landmarks),0.8452,1,16.0,3859.6
2025-12-08 08:50:43.885680,9.03,59.50,Detected (21 landmarks),0.8221,1,17.6,3855.5
2025-12-08 08:50:44.891606,8.13,0.00,Detected (21 landmarks),0.8497,1,16.2,3839.0
2025-12-08 08:50:45.896690,10.16,103.73,Detected (21 landmarks),0.7918,1,15.8,3836.2
2025-12-08 08:50:46.908912,10.16,60.45,Detected (21 landmarks),0.8223,1,16.7,3834.4
2025-12-08 08:50:47.916457,7.62,60.85,Detected (21 landmarks),0.6327,1,15.7,3831.2
2025-12-08 08:50:48.923381,8.12,58.29,Detected (21 landmarks),0.4362,2,16.7,3831.4
2025-12-08 08:50:49.924998,7.87,60.03,Detected (21 landmarks),0.9597,1,15.8,3831.4
2025-12-08 08:50:50.933403,8.13,36.78,Not Detected,0.0000,N/A,16.1,3832.2
2025-12-08 08:50:51.934359,8.13,59.34,Detected (21 landmarks),0.8215,1,15.5,3832.2
2025-12-08 08:50:52.942432,7.87,60.83,Detected (21 landmarks),0.8844,1,16.4,3839.1
2025-12-08 08:50:53.948819,8.14,58.46,Detected (21 landmarks),0.5840,2,21.4,3838.5
2025-12-08 08:50:54.956757,7.86,57.71,Detected (21 landmarks),0.8624,2,16.6,3841.5
2025-12-08 08:50:55.963515,8.69,0.00,Detected (21 landmarks),0.8068,2,15.9,3846.2
2025-12-08 08:50:56.964138,9.06,58.62,Detected (21 landmarks),0.4059,3,15.6,3849.0
2025-12-08 08:50:57.964456,8.13,60.50,Detected (21 landmarks),0.4580,2,16.4,3842.8
2025-12-08 08:50:58.966821,8.13,60.44,Detected (21 landmarks),0.4621,2,15.8,3841.5
2025-12-08 08:50:59.966886,7.87,0.00,Detected (21 landmarks),0.9289,2,16.9,3852.2
2025-12-08 08:51:00.972779,9.38,56.66,Detected (21 landmarks),0.0000,N/A,15.9,3875.7
2025-12-08 08:51:01.980496,8.13,54.83,Detected (21 landmarks),0.6612,2,15.6,3866.8
2025-12-08 08:51:02.982652,8.40,0.00,Detected (21 landmarks),0.9174,2,14.8,3850.2
2025-12-08 08:51:03.983840,9.75,59.36,Detected (21 landmarks),0.7016,2,15.8,3848.7
2025-12-08 08:51:04.988117,9.75,59.81,Detected (21 landmarks),0.6628,2,15.7,3845.0
2025-12-08 08:51:05.995325,10.14,0.00,Detected (21 landmarks),0.6053,2,14.4,3849.5
2025-12-08 08:51:07.007474,10.14,55.25,Detected (21 landmarks),0.4476,3,15.0,3858.5
2025-12-08 08:51:08.017817,7.88,58.72,Detected (21 landmarks),0.6653,3,13.9,3855.6
2025-12-08 08:51:09.025480,8.13,105.10,Detected (21 landmarks),0.6288,2,13.9,3845.2
2025-12-08 08:51:10.031740,7.62,60.41,Detected (21 landmarks),0.4767,2,14.1,3845.0
2025-12-08 08:51:11.038521,8.13,59.04,Detected (21 landmarks),0.7401,2,14.0,3843.8
2025-12-08 08:51:12.043594,8.13,0.00,Detected (21 landmarks),0.0000,N/A,13.6,3847.2
2025-12-08 08:51:13.049559,9.05,59.71,Detected (21 landmarks),0.8507,2,14.6,3846.9
2025-12-08 08:51:14.059564,8.13,61.40,Detected (21 landmarks),0.0000,N/A,14.5,3847.2
2025-12-08 08:51:15.064440,9.03,58.66,Detected (21 landmarks),0.5144,2,14.9,3873.1
2025-12-08 08:51:16.070485,8.70,59.66,Detected (21 landmarks),0.6553,2,14.4,3869.9
2025-12-08 08:51:17.080537,7.41,59.63,Detected (21 landmarks),0.6331,2,14.0,3878.1
2025-12-08 08:51:18.081910,7.41,58.26,Detected (21 landmarks),0.5557,2,13.9,3875.4
2025-12-08 08:51:19.089061,8.12,56.13,Detected (21 landmarks),0.6141,2,14.6,3882.7
2025-12-08 08:51:20.095329,9.76,58.79,Detected (21 landmarks),0.5261,2,14.4,3878.2
2025-12-08 08:51:21.104296,8.13,0.00,Detected (21 landmarks),0.6506,2,14.3,3881.6
2025-12-08 08:51:22.105798,9.75,59.93,Detected (21 landmarks),0.4697,2,13.8,3882.0
2025-12-08 08:51:23.106503,8.13,59.18,Detected (21 landmarks),0.4344,2,14.3,3879.0
2025-12-08 08:51:24.117545,8.71,0.00,Detected (21 landmarks),0.4777,2,14.9,3869.4
2025-12-08 08:51:25.118621,8.70,56.37,Detected (21 landmarks),0.4917,2,14.6,3868.1
2025-12-08 08:51:26.126919,8.70,59.86,Detected (21 landmarks),0.5900,2,14.5,3866.1
2025-12-08 08:51:27.139134,8.12,60.20,Detected (21 landmarks),0.7875,2,13.7,3859.4
2025-12-08 08:51:28.150954,7.87,0.00,Detected (21 landmarks),0.8496,2,14.1,3865.2
2025-12-08 08:51:29.158969,10.16,57.15,Detected (21 landmarks),0.0000,N/A,15.6,3861.3
2025-12-08 08:51:30.165628,7.62,58.86,Detected (21 landmarks),0.6431,2,13.0,3863.1
2025-12-08 08:51:31.165724,10.15,58.96,Detected (21 landmarks),0.6364,2,14.3,3864.7
2025-12-08 08:51:32.167649,7.63,56.83,Detected (21 landmarks),0.6826,2,14.2,3861.4
2025-12-08 08:51:33.168650,7.63,0.00,Detected (21 landmarks),0.7001,2,14.2,3868.6
2025-12-08 08:51:34.180883,9.04,61.98,Detected (21 landmarks),0.6856,2,15.3,3868.2
2025-12-08 08:51:35.188705,9.02,60.46,Detected (21 landmarks),0.6326,2,13.8,3864.8
2025-12-08 08:51:36.198062,9.02,59.15,Detected (21 landmarks),0.6529,2,18.2,3866.8
2025-12-08 08:51:37.206077,9.02,59.15,Detected (21 landmarks),0.6529,2,11.1,3866.0
2025-12-08 08:51:38.215598,9.02,59.15,Detected (21 landmarks),0.6529,2,12.1,3863.1
2025-12-08 08:51:39.225730,9.02,59.15,Detected (21 landmarks),0.6529,2,15.0,3931.9
2025-12-08 08:51:40.239796,29.50,59.15,Detected (21 landmarks),0.6529,2,14.3,3891.1
2025-12-08 08:51:41.255570,29.50,59.15,Detected (21 landmarks),0.6529,2,21.5,3884.8
2025-12-08 08:51:42.267662,29.50,59.15,Detected (21 landmarks),0.6529,2,21.7,3849.3
2025-12-08 08:51:43.279175,29.50,59.15,Detected (21 landmarks),0.6529,2,21.9,3845.2
2025-12-08 08:51:44.284741,29.50,59.15,Detected (21 landmarks),0.6529,2,21.9,3845.9
2025-12-08 08:51:45.295786,29.50,59.15,Detected (21 landmarks),0.6529,2,31.1,3897.4
2025-12-08 08:51:46.296196,29.50,38.92,Not Detected,0.0000,N/A,35.7,3900.2
2025-12-08 08:51:47.301764,1.57,25.30,Not Detected,0.0000,N/A,25.3,3886.4
2025-12-08 08:51:48.304556,7.70,23.52,Not Detected,0.0000,N/A,22.9,3878.4
2025-12-08 08:51:49.312733,8.14,24.57,Not Detected,0.0000,N/A,27.6,3853.5
2025-12-08 08:51:50.319994,7.86,55.06,Detected (21 landmarks),0.7611,1,27.2,3849.4
2025-12-08 08:51:51.331944,7.86,58.87,Detected (21 landmarks),0.6911,1,27.0,3849.0
2025-12-08 08:51:52.333627,8.14,72.01,Detected (21 landmarks),0.0000,N/A,25.8,3847.1
2025-12-08 08:51:53.342865,7.10,39.08,Not Detected,0.0000,N/A,14.0,3845.3
2025-12-08 08:51:54.344483,8.22,42.77,Detected (21 landmarks),0.9801,1,15.1,3845.8
2025-12-08 08:51:55.350796,8.22,36.47,Not Detected,0.0000,N/A,13.8,3846.1
2025-12-08 08:51:56.356548,7.18,59.25,Detected (21 landmarks),1.0000,0,13.8,3845.7
2025-12-08 08:51:57.367376,8.12,58.18,Detected (21 landmarks),0.6208,1,14.0,3843.3
2025-12-08 08:51:58.367695,7.87,57.82,Detected (21 landmarks),0.9044,1,14.0,3843.9
2025-12-08 08:51:59.368449,8.14,0.00,Detected (21 landmarks),0.8483,1,14.8,3846.9
2025-12-08 08:52:00.375255,9.36,59.69,Detected (21 landmarks),0.9813,1,13.8,3849.5
2025-12-08 08:52:01.379704,9.36,55.58,Detected (21 landmarks),0.9854,1,14.5,3846.4
2025-12-08 08:52:02.388924,8.14,0.00,Detected (21 landmarks),0.9918,1,13.9,3848.4
2025-12-08 08:52:03.392847,10.12,59.82,Detected (21 landmarks),0.9947,1,14.3,3848.3
2025-12-08 08:52:04.400816,7.64,61.79,Detected (21 landmarks),0.9966,1,15.0,3845.7
2025-12-08 08:52:05.401775,9.03,60.05,Detected (21 landmarks),0.9935,1,13.7,3849.4
2025-12-08 08:52:06.403072,8.70,58.05,Detected (21 landmarks),1.0000,0,15.1,3846.9
2025-12-08 08:52:07.406237,8.12,56.92,Detected (21 landmarks),1.0000,0,14.0,3845.5
2025-12-08 08:52:08.416505,9.39,57.35,Detected (21 landmarks),1.0000,0,14.6,3851.2
2025-12-08 08:52:09.422764,9.39,58.26,Detected (21 landmarks),1.0000,0,15.0,3848.4
2025-12-08 08:52:10.423244,8.13,106.28,Detected (21 landmarks),1.0000,0,13.9,3846.2
2025-12-08 08:52:11.429749,8.42,57.59,Detected (21 landmarks),1.0000,0,14.5,3849.7
2025-12-08 08:52:12.441607,8.72,54.88,Detected (21 landmarks),0.0000,N/A,14.2,3846.4
2025-12-08 08:52:13.442885,8.12,0.00,Detected (21 landmarks),1.0000,0,13.8,3851.1
2025-12-08 08:52:14.449597,9.78,63.93,Detected (21 landmarks),0.0000,N/A,17.7,3847.8
2025-12-08 08:52:15.458714,8.12,58.90,Detected (21 landmarks),1.0000,0,14.6,3849.0
2025-12-08 08:52:16.468160,9.76,59.38,Detected (21 landmarks),0.0000,N/A,14.6,3852.8
2025-12-08 08:52:17.475498,9.76,62.84,Detected (21 landmarks),0.9999,3,14.7,3849.6
2025-12-08 08:52:18.477011,8.14,57.15,Detected (21 landmarks),1.0000,3,19.2,3847.1
2025-12-08 08:52:19.483018,7.62,0.00,Detected (21 landmarks),1.0000,3,14.3,3853.7
2025-12-08 08:52:20.487457,10.15,59.99,Detected (21 landmarks),0.0000,N/A,14.9,3845.2
2025-12-08 08:52:21.491660,7.63,60.17,Detected (21 landmarks),1.0000,3,13.0,3850.4
2025-12-08 08:52:22.498512,9.74,58.14,Detected (21 landmarks),1.0000,3,14.2,3852.5
2025-12-08 08:52:23.500473,9.74,58.47,Detected (21 landmarks),1.0000,3,14.4,3849.5
2025-12-08 08:52:24.506045,7.87,58.24,Detected (21 landmarks),1.0000,3,14.6,3847.9
2025-12-08 08:52:25.514811,8.73,56.14,Detected (21 landmarks),1.0000,3,14.6,3851.7
2025-12-08 08:52:26.523788,9.01,58.00,Detected (21 landmarks),1.0000,3,14.0,3847.8
2025-12-08 08:52:27.524574,8.14,60.77,Detected (21 landmarks),1.0000,0,14.4,3842.3
2025-12-08 08:52:28.529321,8.13,58.52,Detected (21 landmarks),0.9992,2,13.6,3842.5
2025-12-08 08:52:29.540481,8.13,58.88,Detected (21 landmarks),0.9213,2,14.3,3842.7
2025-12-08 08:52:30.540677,7.62,59.26,Detected (21 landmarks),0.5756,2,14.1,3842.9
2025-12-08 08:52:31.549595,8.13,55.30,Detected (21 landmarks),0.5777,2,13.9,3842.8
2025-12-08 08:52:32.549564,7.87,57.88,Detected (21 landmarks),0.8994,2,14.1,3840.6
2025-12-08 08:52:33.552210,10.16,101.46,Detected (21 landmarks),0.0000,N/A,14.1,3847.7
2025-12-08 08:52:34.556260,7.63,59.79,Detected (21 landmarks),0.9422,2,14.8,3844.8
2025-12-08 08:52:35.563202,9.04,0.00,Detected (21 landmarks),0.9430,2,14.3,3852.8
2025-12-08 08:52:36.570841,9.04,58.97,Detected (21 landmarks),0.9412,2,14.8,3845.7
2025-12-08 08:52:37.580123,8.70,57.08,Detected (21 landmarks),0.8671,2,14.1,3846.8
2025-12-08 08:52:38.581232,8.13,102.79,Detected (21 landmarks),0.8367,2,14.1,3849.1
2025-12-08 08:52:39.591610,9.04,59.12,Detected (21 landmarks),0.7738,2,14.4,3845.6
2025-12-08 08:52:40.596265,8.12,0.00,Detected (21 landmarks),0.9313,2,14.4,3844.4
2025-12-08 08:52:41.598417,9.36,58.36,Detected (21 landmarks),0.9032,2,13.8,3848.1
2025-12-08 08:52:42.607881,8.14,55.80,Detected (21 landmarks),0.9916,2,14.1,3845.7
2025-12-08 08:52:43.610317,9.39,0.00,Detected (21 landmarks),0.9856,2,14.6,3848.8
2025-12-08 08:52:44.613861,9.39,58.75,Detected (21 landmarks),0.9560,2,15.2,3846.2
2025-12-08 08:52:45.616070,8.12,58.98,Detected (21 landmarks),0.8262,2,13.7,3846.3
2025-12-08 08:52:46.627018,8.40,57.55,Detected (21 landmarks),0.8215,2,14.2,3850.0
2025-12-08 08:52:47.636428,9.05,61.48,Detected (21 landmarks),0.4444,2,15.1,3846.3
2025-12-08 08:52:48.643663,8.12,0.00,Detected (21 landmarks),0.4529,2,15.1,3849.5
2025-12-08 08:52:49.643682,9.40,62.80,Detected (21 landmarks),1.0000,0,14.0,3849.7
2025-12-08 08:52:50.653995,7.87,60.72,Detected (21 landmarks),1.0000,0,16.0,3846.1
2025-12-08 08:52:51.665133,7.87,61.36,Detected (21 landmarks),1.0000,0,15.5,3846.7
2025-12-08 08:52:52.670259,9.40,58.12,Detected (21 landmarks),1.0000,0,19.3,3849.4
2025-12-08 08:52:53.673740,8.12,58.04,Detected (21 landmarks),1.0000,0,14.3,3849.9
2025-12-08 08:52:54.675059,8.12,57.91,Detected (21 landmarks),1.0000,0,11.8,3850.5
2025-12-08 08:52:55.682803,8.12,57.91,Detected (21 landmarks),1.0000,0,11.4,3847.3
2025-12-08 08:52:56.687612,8.12,57.91,Detected (21 landmarks),1.0000,0,9.9,3844.3
2025-12-08 08:52:57.694652,8.12,57.91,Detected (21 landmarks),1.0000,0,17.3,3876.7
2025-12-08 08:52:58.700326,8.12,57.91,Detected (21 landmarks),1.0000,0,13.6,3890.6
2025-12-08 08:52:59.709471,8.12,57.91,Detected (21 landmarks),1.0000,0,12.4,3869.8
2025-12-08 08:53:00.717560,8.12,57.91,Detected (21 landmarks),1.0000,0,10.8,3854.1
2025-12-08 08:53:01.724865,29.41,57.91,Detected (21 landmarks),1.0000,0,15.3,3859.7
2025-12-08 08:53:02.726420,29.41,57.91,Detected (21 landmarks),1.0000,0,24.1,3879.2
2025-12-08 08:53:03.726543,29.41,57.91,Detected (21 landmarks),1.0000,0,23.1,3864.7
2025-12-08 08:53:04.739293,29.41,57.91,Detected (21 landmarks),1.0000,0,24.8,3853.3
2025-12-08 08:53:05.755138,29.41,57.91,Detected (21 landmarks),1.0000,0,21.3,3851.9
2025-12-08 08:53:06.759650,29.41,57.91,Detected (21 landmarks),1.0000,0,36.6,3865.8
2025-12-08 08:53:07.769432,29.41,57.91,Detected (21 landmarks),1.0000,0,32.0,3983.8
2025-12-08 08:53:08.774680,29.41,57.91,Detected (21 landmarks),1.0000,0,25.9,3949.1
2025-12-08 08:53:09.787845,29.41,57.91,Detected (21 landmarks),1.0000,0,25.5,3925.8
2025-12-08 08:53:10.789402,29.41,57.91,Detected (21 landmarks),1.0000,0,26.2,3931.3
2025-12-08 08:53:11.795969,29.41,57.91,Detected (21 landmarks),1.0000,0,28.2,3891.5
2025-12-08 08:53:12.802370,29.41,57.91,Detected (21 landmarks),1.0000,0,27.5,3872.8
2025-12-08 08:53:13.809046,29.41,57.91,Detected (21 landmarks),1.0000,0,29.4,3872.3
2025-12-08 08:53:14.820102,29.41,57.91,Detected (21 landmarks),1.0000,0,29.6,3890.0
2025-12-08 08:53:15.825722,29.41,57.91,Detected (21 landmarks),1.0000,0,27.2,3892.4
2025-12-08 08:53:16.828895,29.41,57.91,Detected (21 landmarks),1.0000,0,28.0,3889.4
2025-12-08 08:53:17.835642,29.41,57.91,Detected (21 landmarks),1.0000,0,27.8,3941.1
2025-12-08 08:53:18.835707,29.41,57.91,Detected (21 landmarks),1.0000,0,27.0,3934.6
2025-12-08 08:53:19.847364,29.41,57.91,Detected (21 landmarks),1.0000,0,27.3,3901.8
2025-12-08 08:53:20.852439,29.41,57.91,Detected (21 landmarks),1.0000,0,26.6,3905.0
2025-12-08 08:53:21.854726,29.41,57.91,Detected (21 landmarks),1.0000,0,26.0,3894.7
2025-12-08 08:53:22.856030,29.41,57.91,Detected (21 landmarks),1.0000,0,25.9,3893.0
2025-12-08 08:53:23.864891,29.41,57.91,Detected (21 landmarks),1.0000,0,27.1,3931.5
2025-12-08 08:53:24.871339,29.41,57.91,Detected (21 landmarks),1.0000,0,26.9,3917.9
2025-12-08 08:53:25.889912,29.41,57.91,Detected (21 landmarks),1.0000,0,26.3,3900.4
2025-12-08 08:53:26.891577,29.41,57.91,Detected (21 landmarks),1.0000,0,25.3,3928.4
2025-12-08 08:53:27.900643,29.41,57.91,Detected (21 landmarks),1.0000,0,27.0,3903.1
2025-12-08 08:53:28.904838,29.41,57.91,Detected (21 landmarks),1.0000,0,26.5,3906.7
2025-12-08 08:53:29.910314,29.41,57.91,Detected (21 landmarks),1.0000,0,25.9,3906.0
2025-12-08 08:53:30.920165,29.41,57.91,Detected (21 landmarks),1.0000,0,27.4,3924.5
2025-12-08 08:53:31.928498,29.41,57.91,Detected (21 landmarks),1.0000,0,26.5,3901.0
2025-12-08 08:53:32.931425,29.41,57.91,Detected (21 landmarks),1.0000,0,25.6,3900.0
2025-12-08 08:53:33.940634,29.41,57.91,Detected (21 landmarks),1.0000,0,31.8,3901.4
2025-12-08 08:53:34.952112,29.41,57.91,Detected (21 landmarks),1.0000,0,27.6,3893.2
2025-12-08 08:53:35.952401,29.41,57.91,Detected (21 landmarks),1.0000,0,25.8,3894.6
2025-12-08 08:53:36.962646,29.41,57.91,Detected (21 landmarks),1.0000,0,31.2,3918.9
2025-12-08 08:53:37.964245,29.41,57.91,Detected (21 landmarks),1.0000,0,25.8,3891.8
2025-12-08 08:53:38.966099,29.41,57.91,Detected (21 landmarks),1.0000,0,25.6,3889.8
2025-12-08 08:53:39.982737,29.41,57.91,Detected (21 landmarks),1.0000,0,25.3,3888.0
2025-12-08 08:53:41.002283,29.41,57.91,Detected (21 landmarks),1.0000,0,25.1,3888.2
2025-12-08 08:53:42.003551,29.41,57.91,Detected (21 landmarks),1.0000,0,25.1,3894.8
2025-12-08 08:53:43.015355,29.41,57.91,Detected (21 landmarks),1.0000,0,25.5,3890.7
2025-12-08 08:53:44.026118,29.41,57.91,Detected (21 landmarks),1.0000,0,25.6,3886.0
2025-12-08 08:53:45.032050,29.41,57.91,Detected (21 landmarks),1.0000,0,25.6,3885.9
2025-12-08 08:53:46.051045,29.41,57.91,Detected (21 landmarks),1.0000,0,25.6,3886.3
2025-12-08 08:53:47.069905,29.41,57.91,Detected (21 landmarks),1.0000,0,26.0,3886.8
2025-12-08 08:53:48.087579,29.41,57.91,Detected (21 landmarks),1.0000,0,28.9,3889.2
2025-12-08 08:53:49.093570,29.41,57.91,Detected (21 landmarks),1.0000,0,25.9,3890.8
2025-12-08 08:53:50.098717,29.41,57.91,Detected (21 landmarks),1.0000,0,25.5,3891.5
2025-12-08 08:53:51.107833,29.41,57.91,Detected (21 landmarks),1.0000,0,25.2,3891.3
2025-12-08 08:53:52.115928,29.41,57.91,Detected (21 landmarks),1.0000,0,29.3,3890.5
2025-12-08 08:53:53.123158,29.41,57.91,Detected (21 landmarks),1.0000,0,25.4,3912.4
2025-12-08 08:53:54.123878,29.41,57.91,Detected (21 landmarks),1.0000,0,25.5,3889.2
2025-12-08 08:53:55.124113,29.41,57.91,Detected (21 landmarks),1.0000,0,25.4,3888.7
2025-12-08 08:53:56.137773,29.41,57.91,Detected (21 landmarks),1.0000,0,32.7,3889.2
2025-12-08 08:53:57.137815,29.41,57.91,Detected (21 landmarks),1.0000,0,25.8,3889.6
2025-12-08 08:53:58.145432,29.41,57.91,Detected (21 landmarks),1.0000,0,25.1,3889.8
2025-12-08 08:53:59.146372,29.41,57.91,Detected (21 landmarks),1.0000,0,25.9,3889.6
2025-12-08 08:54:00.146830,29.41,57.91,Detected (21 landmarks),1.0000,0,26.3,3896.6
2025-12-08 08:54:01.154562,29.41,57.91,Detected (21 landmarks),1.0000,0,25.4,3892.8
2025-12-08 08:54:02.171671,29.41,57.91,Detected (21 landmarks),1.0000,0,25.4,3890.5
2025-12-08 08:54:03.186147,29.41,57.91,Detected (21 landmarks),1.0000,0,25.2,3890.3
2025-12-08 08:54:04.189767,29.41,57.91,Detected (21 landmarks),1.0000,0,25.3,3890.9
2025-12-08 08:54:05.204462,29.41,57.91,Detected (21 landmarks),1.0000,0,25.6,3890.5
2025-12-08 08:54:06.207478,29.41,57.91,Detected (21 landmarks),1.0000,0,26.3,3891.5
2025-12-08 08:54:07.214001,29.41,57.91,Detected (21 landmarks),1.0000,0,25.3,3892.0
2025-12-08 08:54:08.221454,29.41,57.91,Detected (21 landmarks),1.0000,0,25.6,3862.0
2025-12-08 08:54:09.221497,29.41,57.91,Detected (21 landmarks),1.0000,0,25.4,3866.0
2025-12-08 08:54:10.227330,29.41,57.91,Detected (21 landmarks),1.0000,0,25.4,3862.0
2025-12-08 08:54:11.234547,29.41,57.91,Detected (21 landmarks),1.0000,0,25.7,3862.6
2025-12-08 08:54:12.239673,29.41,57.91,Detected (21 landmarks),1.0000,0,25.0,3866.1
2025-12-08 08:54:13.240662,29.41,57.91,Detected (21 landmarks),1.0000,0,25.4,3861.9
2025-12-08 08:54:14.256508,29.41,57.91,Detected (21 landmarks),1.0000,0,25.8,3868.0
2025-12-08 08:54:15.258767,29.41,57.91,Detected (21 landmarks),1.0000,0,29.1,3869.1
2025-12-08 08:54:16.266428,29.41,57.91,Detected (21 landmarks),1.0000,0,24.7,3870.3
2025-12-08 08:54:17.271113,29.41,57.91,Detected (21 landmarks),1.0000,0,25.5,3870.7
2025-12-08 08:54:18.279640,29.41,57.91,Detected (21 landmarks),1.0000,0,24.9,3871.0
2025-12-08 08:54:19.288940,29.41,57.91,Detected (21 landmarks),1.0000,0,25.2,3872.0
2025-12-08 08:54:20.293487,29.41,57.91,Detected (21 landmarks),1.0000,0,25.3,3866.3
2025-12-08 08:54:21.311625,29.41,57.91,Detected (21 landmarks),1.0000,0,25.5,3865.2
2025-12-08 08:54:22.319597,29.41,57.91,Detected (21 landmarks),1.0000,0,25.3,3865.5
2025-12-08 08:54:23.331579,29.41,57.91,Detected (21 landmarks),1.0000,0,25.2,3869.6
2025-12-08 08:54:24.331378,29.41,57.91,Detected (21 landmarks),1.0000,0,25.9,3865.5
2025-12-08 08:54:25.335183,29.41,57.91,Detected (21 landmarks),1.0000,0,26.4,3865.3
2025-12-08 08:54:26.343854,29.41,57.91,Detected (21 landmarks),1.0000,0,25.8,3865.6
2025-12-08 08:54:27.347348,29.41,57.91,Detected (21 landmarks),1.0000,0,24.7,3865.9
2025-12-08 08:54:28.365079,29.41,57.91,Detected (21 landmarks),1.0000,0,25.3,3865.4
2025-12-08 08:54:29.370564,29.41,57.91,Detected (21 landmarks),1.0000,0,25.9,3865.9
2025-12-08 08:54:30.384094,29.41,57.91,Detected (21 landmarks),1.0000,0,25.6,3866.2
2025-12-08 08:54:31.387801,29.41,57.91,Detected (21 landmarks),1.0000,0,27.7,3864.9
2025-12-08 08:54:32.389056,29.41,57.91,Detected (21 landmarks),1.0000,0,25.8,3865.8
2025-12-08 08:54:33.392060,29.41,57.91,Detected (21 landmarks),1.0000,0,25.3,3863.9
2025-12-08 08:54:34.406731,29.41,57.91,Detected (21 landmarks),1.0000,0,25.7,3864.1
2025-12-08 08:54:35.424163,29.41,57.91,Detected (21 landmarks),1.0000,0,26.2,3864.0
2025-12-08 08:54:36.426001,29.41,57.91,Detected (21 landmarks),1.0000,0,25.6,3887.7
2025-12-08 08:54:37.426057,29.41,57.91,Detected (21 landmarks),1.0000,0,25.7,3883.4
2025-12-08 08:54:38.433706,29.41,57.91,Detected (21 landmarks),1.0000,0,25.6,3871.6
2025-12-08 08:54:39.436129,29.41,57.91,Detected (21 landmarks),1.0000,0,25.8,3864.3
2025-12-08 08:54:40.448355,29.41,57.91,Detected (21 landmarks),1.0000,0,25.3,3864.6
2025-12-08 08:54:41.455207,29.41,57.91,Detected (21 landmarks),1.0000,0,25.7,3864.4
2025-12-08 08:54:42.466253,29.41,57.91,Detected (21 landmarks),1.0000,0,25.3,3864.6
2025-12-08 08:54:43.475307,29.41,57.91,Detected (21 landmarks),1.0000,0,25.0,3865.1
2025-12-08 08:54:44.482387,29.41,57.91,Detected (21 landmarks),1.0000,0,25.7,3864.8
2025-12-08 08:54:45.483319,29.41,57.91,Detected (21 landmarks),1.0000,0,26.0,3864.6
2025-12-08 08:54:46.496606,29.41,57.91,Detected (21 landmarks),1.0000,0,25.1,3865.4
2025-12-08 08:54:47.497610,29.41,57.91,Detected (21 landmarks),1.0000,0,25.6,3865.4
2025-12-08 08:54:48.502599,29.41,57.91,Detected (21 landmarks),1.0000,0,26.0,3870.8
2025-12-08 08:54:49.509857,29.41,57.91,Detected (21 landmarks),1.0000,0,25.9,3868.8
2025-12-08 08:54:50.518947,29.41,57.91,Detected (21 landmarks),1.0000,0,31.0,3868.9
2025-12-08 08:54:51.536472,29.41,57.91,Detected (21 landmarks),1.0000,0,26.0,3868.9
2025-12-08 08:54:52.541293,29.41,57.91,Detected (21 landmarks),1.0000,0,25.7,3868.9
2025-12-08 08:54:53.554709,29.41,57.91,Detected (21 landmarks),1.0000,0,25.3,3868.9
2025-12-08 08:54:54.572193,29.41,57.91,Detected (21 landmarks),1.0000,0,25.4,3871.0
2025-12-08 08:54:55.578636,29.41,57.91,Detected (21 landmarks),1.0000,0,26.4,3871.0
2025-12-08 08:54:56.582661,29.41,57.91,Detected (21 landmarks),1.0000,0,25.4,3872.5
2025-12-08 08:54:57.588049,29.41,57.91,Detected (21 landmarks),1.0000,0,25.3,3872.1
2025-12-08 08:54:58.606465,29.41,57.91,Detected (21 landmarks),1.0000,0,25.5,3872.0
2025-12-08 08:54:59.607170,29.41,57.91,Detected (21 landmarks),1.0000,0,25.1,3873.1
2025-12-08 08:55:00.610441,29.41,57.91,Detected (21 landmarks),1.0000,0,25.6,3875.2
2025-12-08 08:55:01.620265,29.41,57.91,Detected (21 landmarks),1.0000,0,25.5,3873.6
2025-12-08 08:55:02.629585,29.41,57.91,Detected (21 landmarks),1.0000,0,25.2,3873.9
2025-12-08 08:55:03.637708,29.41,57.91,Detected (21 landmarks),1.0000,0,25.8,3873.2
2025-12-08 08:55:04.641261,29.41,57.91,Detected (21 landmarks),1.0000,0,25.2,3869.7
2025-12-08 08:55:05.653390,29.41,57.91,Detected (21 landmarks),1.0000,0,26.0,3873.5
2025-12-08 08:55:06.654441,29.41,57.91,Detected (21 landmarks),1.0000,0,25.3,3870.0
2025-12-08 08:55:07.661443,29.41,57.91,Detected (21 landmarks),1.0000,0,25.6,3870.4
2025-12-08 08:55:08.671396,29.41,57.91,Detected (21 landmarks),1.0000,0,25.4,3873.6
2025-12-08 08:55:09.683396,29.41,57.91,Detected (21 landmarks),1.0000,0,25.1,3873.9
2025-12-08 08:55:10.700701,29.41,57.91,Detected (21 landmarks),1.0000,0,25.2,3873.8
2025-12-08 08:55:11.718935,29.41,57.91,Detected (21 landmarks),1.0000,0,28.0,3872.3
2025-12-08 08:55:12.723290,29.41,57.91,Detected (21 landmarks),1.0000,0,29.3,3871.9
2025-12-08 08:55:13.727773,29.41,57.91,Detected (21 landmarks),1.0000,0,25.5,3872.1
2025-12-08 08:55:14.740068,29.41,57.91,Detected (21 landmarks),1.0000,0,25.6,3872.2
2025-12-08 08:55:15.744495,29.41,57.91,Detected (21 landmarks),1.0000,0,25.8,3875.0
2025-12-08 08:55:16.744865,29.41,57.91,Detected (21 landmarks),1.0000,0,25.3,3873.3
2025-12-08 08:55:17.761893,29.41,57.91,Detected (21 landmarks),1.0000,0,25.6,3873.0
2025-12-08 08:55:18.778537,29.41,57.91,Detected (21 landmarks),1.0000,0,25.5,3873.9
2025-12-08 08:55:19.792913,29.41,57.91,Detected (21 landmarks),1.0000,0,24.8,3872.9
2025-12-08 08:55:20.793179,29.41,57.91,Detected (21 landmarks),1.0000,0,25.5,3872.5
2025-12-08 08:55:21.800514,29.41,57.91,Detected (21 landmarks),1.0000,0,25.3,3873.4
2025-12-08 08:55:22.805481,29.41,57.91,Detected (21 landmarks),1.0000,0,25.3,3874.0
2025-12-08 08:55:23.812033,29.41,57.91,Detected (21 landmarks),1.0000,0,25.4,3873.0
2025-12-08 08:55:24.814965,29.41,57.91,Detected (21 landmarks),1.0000,0,25.7,3876.0
2025-12-08 08:55:25.821712,29.41,57.91,Detected (21 landmarks),1.0000,0,25.6,3871.9
2025-12-08 08:55:26.822994,29.41,57.91,Detected (21 landmarks),1.0000,0,25.5,3872.0
2025-12-08 08:55:27.828808,29.41,57.91,Detected (21 landmarks),1.0000,0,25.3,3872.0
2025-12-08 08:55:28.836632,29.41,57.91,Detected (21 landmarks),1.0000,0,25.7,3871.7
2025-12-08 08:55:29.837569,29.41,57.91,Detected (21 landmarks),1.0000,0,25.2,3869.0
2025-12-08 08:55:30.838067,29.41,57.91,Detected (21 landmarks),1.0000,0,25.1,3869.5
2025-12-08 08:55:31.843886,29.41,57.91,Detected (21 landmarks),1.0000,0,25.4,3869.6
2025-12-08 08:55:32.853262,29.41,57.91,Detected (21 landmarks),1.0000,0,25.2,3869.6
2025-12-08 08:55:33.856703,29.41,57.91,Detected (21 landmarks),1.0000,0,25.8,3869.8
2025-12-08 08:55:34.862631,29.41,57.91,Detected (21 landmarks),1.0000,0,25.6,3868.8
2025-12-08 08:55:35.867821,29.41,57.91,Detected (21 landmarks),1.0000,0,25.6,3869.7
2025-12-08 08:55:36.876538,29.41,57.91,Detected (21 landmarks),1.0000,0,25.6,3871.1
2025-12-08 08:55:37.882843,29.41,57.91,Detected (21 landmarks),1.0000,0,25.4,3870.9
2025-12-08 08:55:38.883269,29.41,57.91,Detected (21 landmarks),1.0000,0,25.7,3870.8
2025-12-08 08:55:39.886227,29.41,57.91,Detected (21 landmarks),1.0000,0,25.1,3870.3
2025-12-08 08:55:40.887399,29.41,57.91,Detected (21 landmarks),1.0000,0,25.9,3870.2
2025-12-08 08:55:41.897546,29.41,57.91,Detected (21 landmarks),1.0000,0,25.3,3870.5
2025-12-08 08:55:42.908254,29.41,57.91,Detected (21 landmarks),1.0000,0,25.4,3873.2
2025-12-08 08:55:43.915315,29.41,57.91,Detected (21 landmarks),1.0000,0,25.7,3870.6
2025-12-08 08:55:44.918356,29.41,57.91,Detected (21 landmarks),1.0000,0,25.6,3870.6
2025-12-08 08:55:45.923095,29.41,57.91,Detected (21 landmarks),1.0000,0,25.2,3871.0
2025-12-08 08:55:46.928320,29.41,57.91,Detected (21 landmarks),1.0000,0,25.4,3869.6
2025-12-08 08:55:47.931900,29.41,57.91,Detected (21 landmarks),1.0000,0,25.5,3869.8
2025-12-08 08:55:48.943797,29.41,57.91,Detected (21 landmarks),1.0000,0,27.4,3870.5
2025-12-08 08:55:49.949737,29.41,57.91,Detected (21 landmarks),1.0000,0,24.9,3871.0
2025-12-08 08:55:50.961776,29.41,57.91,Detected (21 landmarks),1.0000,0,25.3,3875.1
2025-12-08 08:55:51.964521,29.41,57.91,Detected (21 landmarks),1.0000,0,25.4,3870.8
2025-12-08 08:55:52.973996,29.41,57.91,Detected (21 landmarks),1.0000,0,25.3,3870.5
2025-12-08 08:55:53.982403,29.41,57.91,Detected (21 landmarks),1.0000,0,31.1,3870.7
2025-12-08 08:55:54.989293,29.41,57.91,Detected (21 landmarks),1.0000,0,26.3,3870.7
2025-12-08 08:55:55.993779,29.41,57.91,Detected (21 landmarks),1.0000,0,26.4,3871.4
2025-12-08 08:55:57.000296,29.41,57.91,Detected (21 landmarks),1.0000,0,25.4,3871.1
2025-12-08 08:55:58.003573,29.41,57.91,Detected (21 landmarks),1.0000,0,25.5,3871.0
2025-12-08 08:55:59.016664,29.41,57.91,Detected (21 landmarks),1.0000,0,25.4,3871.0
2025-12-08 08:56:00.028045,29.41,57.91,Detected (21 landmarks),1.0000,0,25.8,3875.9
2025-12-08 08:56:01.040820,29.41,57.91,Detected (21 landmarks),1.0000,0,25.3,3873.9
2025-12-08 08:56:02.044418,29.41,57.91,Detected (21 landmarks),1.0000,0,25.5,3871.5
2025-12-08 08:56:03.048465,29.41,57.91,Detected (21 landmarks),1.0000,0,24.6,3871.0
2025-12-08 08:56:04.050308,29.41,57.91,Detected (21 landmarks),1.0000,0,25.8,3873.0
2025-12-08 08:56:05.054716,29.41,57.91,Detected (21 landmarks),1.0000,0,26.4,3871.7
2025-12-08 08:56:06.065962,29.41,57.91,Detected (21 landmarks),1.0000,0,24.9,3873.0
2025-12-08 08:56:07.066499,29.41,57.91,Detected (21 landmarks),1.0000,0,25.4,3871.0
2025-12-08 08:56:08.075526,29.41,57.91,Detected (21 landmarks),1.0000,0,25.1,3873.4
2025-12-08 08:56:09.083943,29.41,57.91,Detected (21 landmarks),1.0000,0,25.3,3867.8
2025-12-08 08:56:10.101333,29.41,57.91,Detected (21 landmarks),1.0000,0,25.5,3871.5
2025-12-08 08:56:11.102467,29.41,57.91,Detected (21 landmarks),1.0000,0,25.1,3870.9
2025-12-08 08:56:12.108208,29.41,57.91,Detected (21 landmarks),1.0000,0,25.4,3870.8
2025-12-08 08:56:13.119103,29.41,57.91,Detected (21 landmarks),1.0000,0,24.9,3870.5
2025-12-08 08:56:14.123662,29.41,57.91,Detected (21 landmarks),1.0000,0,25.9,3870.9
2025-12-08 08:56:15.125694,29.41,57.91,Detected (21 landmarks),1.0000,0,26.2,3872.1
2025-12-08 08:56:16.140497,29.41,57.91,Detected (21 landmarks),1.0000,0,25.0,3872.8
2025-12-08 08:56:17.157887,29.41,57.91,Detected (21 landmarks),1.0000,0,25.3,3872.8
2025-12-08 08:56:18.159425,29.41,57.91,Detected (21 landmarks),1.0000,0,25.6,3892.0
2025-12-08 08:56:19.169972,29.41,57.91,Detected (21 landmarks),1.0000,0,25.7,3874.0
2025-12-08 08:56:20.175340,29.41,57.91,Detected (21 landmarks),1.0000,0,25.2,3873.1
2025-12-08 08:56:21.178282,29.41,57.91,Detected (21 landmarks),1.0000,0,26.7,3874.4
2025-12-08 08:56:22.191013,29.41,57.91,Detected (21 landmarks),1.0000,0,25.3,3873.2
2025-12-08 08:56:23.192738,29.41,57.91,Detected (21 landmarks),1.0000,0,25.1,3873.5
2025-12-08 08:56:24.202553,29.41,57.91,Detected (21 landmarks),1.0000,0,25.1,3873.7
2025-12-08 08:56:25.205115,29.41,57.91,Detected (21 landmarks),1.0000,0,25.3,3873.1
2025-12-08 08:56:26.216442,29.41,57.91,Detected (21 landmarks),1.0000,0,24.9,3873.8
2025-12-08 08:56:27.222661,29.41,57.91,Detected (21 landmarks),1.0000,0,25.1,3892.2
2025-12-08 08:56:28.230593,29.41,57.91,Detected (21 landmarks),1.0000,0,26.0,3877.9
2025-12-08 08:56:29.235733,29.41,57.91,Detected (21 landmarks),1.0000,0,27.3,3876.0
2025-12-08 08:56:30.244042,29.41,57.91,Detected (21 landmarks),1.0000,0,27.4,3876.2
2025-12-08 08:56:31.254826,29.41,57.91,Detected (21 landmarks),1.0000,0,28.1,3875.8
2025-12-08 08:56:32.271047,29.41,57.91,Detected (21 landmarks),1.0000,0,27.7,3875.9
2025-12-08 08:56:33.279137,29.41,57.91,Detected (21 landmarks),1.0000,0,28.3,3880.6
2025-12-08 08:56:34.287529,29.41,57.91,Detected (21 landmarks),1.0000,0,30.7,3614.3
2025-12-08 08:56:35.291071,29.41,57.91,Detected (21 landmarks),1.0000,0,23.4,3600.8
